"id","first_name","last_name","email","phone","start_date","end_date","room_id","created_at","updated_at"
1,"john","smith","jsmith@gmail.com","02920 209209 2292","2021-02-01 01:00:00+01","2021-02-04 01:00:00+01",1,1,"2021-09-11 16:37:37.919852+01","2021-09-11 16:37:37.919852+01"
2,"sinja","mave","mave@gmail.com","20 292902 2902092","2021-09-29 01:00:00+01","2021-10-21 01:00:00+01",2,1,"2021-09-13 17:15:27.491941+01","2021-09-13 17:15:27.491941+01"
3,"fiyi","molly","molly@gmail.com","20 292902 2902092","2021-09-29 01:00:00+01","2021-10-21 01:00:00+01",3,1,"2021-09-13 17:15:27.491941+01","2021-09-13 17:15:27.491941+01"
4,"fokoya","nygaard","nygaard@gmail.com","20 292902 2902092","2021-09-29 01:00:00+01","2021-10-21 01:00:00+01",4,1,"2021-09-13 17:15:27.491941+01","2021-09-13 17:15:27.491941+01"
5,"jeremy","lester","lester@gmail.com","20 292902 2902092","2021-09-29 01:00:00+01","2021-10-21 01:00:00+01",5,0,"2021-09-13 17:15:27.491941+01","2021-09-13 17:15:27.491941+01"
6,"james","sawyer","sawyer@gmail.com","20 292902 2902092","2021-09-29 01:00:00+01","2021-10-21 01:00:00+01",6,0,"2021-09-13 17:15:27.491941+01","2021-09-13 17:15:27.491941+01"
7,"jejutsi","jeremy","jjeremy@gmail.com","20 292902 2902092","2021-09-29 01:00:00+01","2021-10-21 01:00:00+01",7,0,"2021-09-13 17:15:27.491941+01","2021-09-13 17:15:27.491941+01"
8,"dunga","jango","jango@gmail.com","20 292902 2902092","2021-09-29 01:00:00+01","2021-10-21 01:00:00+01",8,0,"2021-09-13 17:15:27.491941+01","2021-09-13 17:15:27.491941+01"
9,"django","kylea","kylea@gmail.com","20 292902 2902092","2021-09-29 01:00:00+01","2021-10-21 01:00:00+01",9,0,"2021-09-13 17:15:27.491941+01","2021-09-13 17:15:27.491941+01"
10,"pythy","kimbarly","kimbarly@gmail.com","20 292902 2902092","2021-09-29 01:00:00+01","2021-10-21 01:00:00+01",10,0,"2021-09-13 17:15:27.491941+01","2021-09-13 17:15:27.491941+01"
11,"patrick","kudoski","kudoski@gmail.com","20 292902 2902092","2021-09-29 01:00:00+01","2021-10-21 01:00:00+01",11,0,"2021-09-13 17:15:27.491941+01","2021-09-13 17:15:27.491941+01"
12,"podoski","santos","santos@gmail.com","20 292902 2902092","2021-09-29 01:00:00+01","2021-10-21 01:00:00+01",12,0,"2021-09-13 17:15:27.491941+01","2021-09-13 17:15:27.491941+01"
13,"jimmy","sarnjamai","sarnjamai@gmail.com","20 292902 2902092","2021-09-29 01:00:00+01","2021-10-21 01:00:00+01",13,0,"2021-09-13 17:15:27.491941+01","2021-09-13 17:15:27.491941+01"
14,"timo","werner","werner@gmail.com","20 292902 2902092","2021-09-29 01:00:00+01","2021-10-21 01:00:00+01",14,0,"2021-09-13 17:15:27.491941+01","2021-09-13 17:15:27.491941+01"
15,"harves","heskey","heskey@gmail.com","20 292902 2902092","2021-09-29 01:00:00+01","2021-10-21 01:00:00+01",15,0,"2021-09-13 17:15:27.491941+01","2021-09-13 17:15:27.491941+01"
16,"salah","bimbowa","bimbowa@gmail.com","20 292902 2902092","2021-10-22 01:00:00+01","2021-11-21 01:00:00+01",2,0,"2021-09-13 17:15:27.491941+01","2021-09-13 17:15:27.491941+01"
17,"tinko","varane","varane@gmail.com","20 292902 2902092","2021-11-23 01:00:00+01","2021-12-23 01:00:00+01",2,0,"2021-09-13 17:15:27.491941+01","2021-09-13 17:15:27.491941+01"